<Objs Version="1.1.0.1" xmlns="http://schemas.microsoft.com/powershell/2004/04">
  <Obj RefId="0">
    <TN RefId="0">
      <T>Microsoft.PowerShell.Commands.PSRepositoryItemInfo</T>
      <T>System.Management.Automation.PSCustomObject</T>
      <T>System.Object</T>
    </TN>
    <MS>
      <S N="Name">AuditPolicyDsc</S>
      <Version N="Version">1.4.0.0</Version>
      <S N="Type">Module</S>
      <S N="Description">The AuditPolicyDsc module allows you to configure and manage the advanced audit policy on all currently supported versions of Windows.</S>
      <S N="Author">Microsoft Corporation</S>
      <Obj N="CompanyName" RefId="1">
        <TN RefId="1">
          <T>System.Object[]</T>
          <T>System.Array</T>
          <T>System.Object</T>
        </TN>
        <LST>
          <S>PowerShellTeam</S>
          <S>gaelcolas</S>
          <S>dsccommunity</S>
        </LST>
      </Obj>
      <S N="Copyright">(c) 2016 Microsoft Corporation. All rights reserved.</S>
      <DT N="PublishedDate">2019-01-10T00:20:24+01:00</DT>
      <Obj N="InstalledDate" RefId="2">
        <DT>2025-07-10T12:08:22.2033099+02:00</DT>
        <MS>
          <Obj N="DisplayHint" RefId="3">
            <TN RefId="2">
              <T>Microsoft.PowerShell.Commands.DisplayHintType</T>
              <T>System.Enum</T>
              <T>System.ValueType</T>
              <T>System.Object</T>
            </TN>
            <ToString>DateTime</ToString>
            <I32>2</I32>
          </Obj>
        </MS>
      </Obj>
      <Nil N="UpdatedDate" />
      <URI N="LicenseUri">https://github.com/PowerShell/AuditPolicyDsc/blob/master/LICENSE</URI>
      <URI N="ProjectUri">https://github.com/PowerShell/AuditPolicyDsc</URI>
      <Nil N="IconUri" />
      <Obj N="Tags" RefId="4">
        <TNRef RefId="1" />
        <LST>
          <S>DSC</S>
          <S>DesiredStateConfiguration</S>
          <S>DSCResourceKit</S>
          <S>DSCResource</S>
          <S>AuditPolicy</S>
          <S>PSModule</S>
        </LST>
      </Obj>
      <Obj N="Includes" RefId="5">
        <TN RefId="3">
          <T>System.Collections.Hashtable</T>
          <T>System.Object</T>
        </TN>
        <DCT>
          <En>
            <S N="Key">Command</S>
            <Obj N="Value" RefId="6">
              <TNRef RefId="1" />
              <LST />
            </Obj>
          </En>
          <En>
            <S N="Key">DscResource</S>
            <Obj N="Value" RefId="7">
              <TNRef RefId="1" />
              <LST>
                <S>AuditPolicyCsv</S>
                <S>AuditPolicyGUID</S>
                <S>AuditPolicyOption</S>
                <S>AuditPolicySubcategory</S>
              </LST>
            </Obj>
          </En>
          <En>
            <S N="Key">Function</S>
            <Ref N="Value" RefId="6" />
          </En>
          <En>
            <S N="Key">RoleCapability</S>
            <Ref N="Value" RefId="6" />
          </En>
          <En>
            <S N="Key">Workflow</S>
            <Ref N="Value" RefId="6" />
          </En>
          <En>
            <S N="Key">Cmdlet</S>
            <Ref N="Value" RefId="6" />
          </En>
        </DCT>
      </Obj>
      <Nil N="PowerShellGetFormatVersion" />
      <S N="ReleaseNotes">* Explicitly removed extra hidden files from release package</S>
      <Obj N="Dependencies" RefId="8">
        <TNRef RefId="1" />
        <LST />
      </Obj>
      <S N="RepositorySourceLocation">https://www.powershellgallery.com/api/v2</S>
      <S N="Repository">PSGallery</S>
      <S N="PackageManagementProvider">NuGet</S>
      <Obj N="AdditionalMetadata" RefId="9">
        <TN RefId="4">
          <T>System.Management.Automation.PSCustomObject</T>
          <T>System.Object</T>
        </TN>
        <MS>
          <S N="copyright">(c) 2016 Microsoft Corporation. All rights reserved.</S>
          <S N="description">The AuditPolicyDsc module allows you to configure and manage the advanced audit policy on all currently supported versions of Windows.</S>
          <S N="requireLicenseAcceptance">False</S>
          <S N="releaseNotes">* Explicitly removed extra hidden files from release package</S>
          <S N="isLatestVersion">True</S>
          <S N="isAbsoluteLatestVersion">True</S>
          <S N="versionDownloadCount">4434892</S>
          <S N="downloadCount">4510922</S>
          <S N="packageSize">44958</S>
          <S N="published">10/01/2019 00:20:24 +01:00</S>
          <S N="created">10/01/2019 00:20:24 +01:00</S>
          <S N="lastUpdated">10/07/2025 10:00:00 +02:00</S>
          <S N="tags">DSC DesiredStateConfiguration DSCResourceKit DSCResource AuditPolicy PSModule PSDscResource_AuditPolicyCsv PSDscResource_AuditPolicyGUID PSDscResource_AuditPolicyOption PSDscResource_AuditPolicySubcategory PSIncludes_DscResource</S>
          <S N="developmentDependency">False</S>
          <S N="updated">2025-07-10T10:00:00Z</S>
          <S N="NormalizedVersion">1.4.0</S>
          <S N="Authors">Microsoft Corporation</S>
          <S N="IsPrerelease">false</S>
          <S N="ItemType">Module</S>
          <S N="FileList">AuditPolicyDsc.nuspec|AuditPolicyDsc.psd1|LICENSE|README.md|DSCResources\AuditPolicyResourceHelper\AuditPolicyResourceHelper.psm1|DSCResources\AuditPolicyResourceHelper\en-US\AuditPolicyResourceHelper.strings.psd1|DSCResources\MSFT_AuditPolicyCsv\MSFT_AuditPolicyCsv.psm1|DSCResources\MSFT_AuditPolicyCsv\MSFT_AuditPolicyCsv.schema.mof|DSCResources\MSFT_AuditPolicyCsv\en-US\MSFT_AuditPolicyCsv.strings.psd1|DSCResources\MSFT_AuditPolicyGUID\MSFT_AuditPolicyGUID.psm1|DSCResources\MSFT_AuditPolicyGUID\MSFT_AuditPolicyGUID.schema.mof|DSCResources\MSFT_AuditPolicyGUID\en-US\MSFT_AuditPolicyGUID.strings.psd1|DSCResources\MSFT_AuditPolicyOption\MSFT_AuditPolicyOption.psm1|DSCResources\MSFT_AuditPolicyOption\MSFT_AuditPolicyOption.schema.mof|DSCResources\MSFT_AuditPolicyOption\en-US\MSFT_AuditPolicyOption.strings.psd1|DSCResources\MSFT_AuditPolicySubcategory\MSFT_AuditPolicySubcategory.psm1|DSCResources\MSFT_AuditPolicySubcategory\MSFT_AuditPolicySubcategory.schema.mof|DSCResources\MSFT_AuditPolicySubcategory\en-US\MSFT_AuditPolicySubcategory.strings.psd1|Examples\Sample_AuditPolicyCsv.ps1|Examples\Sample_AuditPolicyGuid.ps1|Examples\Sample_AuditPolicyOption.ps1|Examples\Sample_AuditPolicySubcategory.ps1|Tests\Integration\AuditPolicyResourceHelper.Integration.Tests.ps1|Tests\Integration\MSFT_AuditPolicyCsv.config.ps1|Tests\Integration\MSFT_AuditPolicyCsv.integration.tests.ps1|Tests\Integration\MSFT_AuditPolicyGUID.config.ps1|Tests\Integration\MSFT_AuditPolicyGUID.Integration.tests.ps1|Tests\Integration\MSFT_AuditPolicyOption.config.ps1|Tests\Integration\MSFT_AuditPolicyOption.Integration.tests.ps1|Tests\Integration\MSFT_AuditPolicySubcategory.config.ps1|Tests\Integration\MSFT_AuditPolicySubcategory.Integration.tests.ps1|Tests\Unit\audit.csv|Tests\Unit\MSFT_AuditPolicyCsv.tests.ps1|Tests\Unit\MSFT_AuditPolicyGUID.tests.ps1|Tests\Unit\MSFT_AuditPolicyOption.tests.ps1|Tests\Unit\MSFT_AuditPolicySubcategory.tests.ps1</S>
          <S N="GUID">644501e3-ebc7-451e-9155-366a4f8d4a9a</S>
          <S N="PowerShellVersion">4.0</S>
          <S N="CompanyName">Microsoft Corporation</S>
        </MS>
      </Obj>
      <S N="InstalledLocation">C:\Users\amirb\Documents\PowerShell\Modules\AuditPolicyDsc\1.4.0.0</S>
    </MS>
  </Obj>
</Objs>
